index;minVL;distanceMinMax
0;-235.1666718;50504.83594
